{
  "finger": [
    0.13480391839394065,
    0.12135909219403088,
    0.12151773833802755,
    0.1256274805882343,
    0.12436576564285635,
    0.117880126537036,
    0.11550019495744653,
    0.13465857063829748
  ],
  "row": [
    [
      0.0836474087500001,
      0.1072665234571419,
      0.1385214946666658
    ],
    [
      0.12882193598507483,
      0.10984191579999916,
      0.13125030591250014
    ],
    [
      0.13937050650617294,
      0.09969643743750009,
      0.1247347050000025
    ]
  ]
}